Peptide Sequence	Matched ['b1', 'b2'] Ions	Source statistic: xcorr	Total Ion Current	
FFTALK	4	0.520173681658	208.44	
FFVSVK	5	0.437415706133	208.44	
MFVGKK	4	0.523318390109	208.44	
SHTLLR	2	0.31704575632	208.44	
TKTTSRR	2	0.272945893352	640.956	
KTTSTALK	3	0.277960047214	640.956	
LFAAKSGR	3	0.626170184604	640.956	
SGHVAKK	2	0.221819948661	177.968	
EVVSYK	3	0.134687931043	177.968	
KTPHNK	2	0.304582600725	177.968	
RKVNHR	2	0.463601806338	156.033	
TSLPHKK	5	0.706713381805	156.033	
EGPHIKK	2	0.73094104702	156.033	
HANKVKR	3	0.706710131855	444.768	
RKAATMR	3	0.223248816472	444.768	
SKKGKMR	3	0.415524328241	444.768	
CLKALFR	3	0.517287208084	444.768	
