Peptide Sequence	Number of Peaks	Peaks Matched Statistics	Matched ['b1'] Ions	Matched ['y1'] Ions	
FFTALK	31	11	2	3	2	[(260.9657287597656, 'y5+'), (332.349853515625, 'y4+'), (432.5184020996094, 'y3+')]	
FFVSVK	31	12	3	2	2	[(334.1356201171875, 'y4+'), (432.5184020996094, 'y3+')]	
MFVGKK	31	8	2	3	2	[(274.77935791015625, 'y5+'), (332.349853515625, 'y4+'), (432.5184020996094, 'y3+')]	
SHTLLR	31	11	2	1	2	[(289.27557373046875, 'y5+')]	
TKTTSRR	56	21	2	2	5	[(330.750244140625, 'y6+'), (417.2209777832031, 'y5+')]	
KTTSTALK	56	24	3	1	5	[(330.750244140625, 'y6+')]	
LFAAKSGR	56	28	2	2	5	[(231.34744262695312, 'y7+'), (318.2337646484375, 'y6+')]	
SGHVAKK	26	10	1	2	14	[(274.3548583984375, 'y6+'), (345.2467956542969, 'y5+')]	
EVVSYK	26	12	2	1	14	[(495.13861083984375, 'y3+')]	
KTPHNK	26	10	1	2	14	[(260.8106689453125, 'y5+'), (495.13861083984375, 'y3+')]	
RKVNHR	31	14	2	3	16	[(311.7710266113281, 'y5+'), (526.5720825195312, 'y3+'), (653.91064453125, 'y2+')]	
TSLPHKK	31	14	4	1	16	[(623.6792602539062, 'y3+')]	
EGPHIKK	31	15	2	3	16	[(388.2221984863281, 'y5+'), (526.5720825195312, 'y4+'), (623.6792602539062, 'y3+')]	
HANKVKR	41	16	2	3	21	[(402.4783020019531, 'y5+'), (529.6578979492188, 'y4+'), (645.31884765625, 'y3+')]	
RKAATMR	41	20	3	2	21	[(323.2533264160156, 'y6+'), (566.39599609375, 'y3+')]	
SKKGKMR	41	17	3	2	21	[(323.2533264160156, 'y6+'), (506.46697998046875, 'y4+')]	
CLKALFR	41	14	3	2	21	[(323.2533264160156, 'y6+'), (506.46697998046875, 'y4+')]	
