Peptide Sequence	Source statistic: xcorr	
FFTALK	0.520173681658	2	
FFVSVK	0.437415706133	2	
MFVGKK	0.523318390109	2	
SHTLLR	0.31704575632	2	
TKTTSRR	0.272945893352	5	
KTTSTALK	0.277960047214	5	
LFAAKSGR	0.626170184604	5	
SGHVAKK	0.221819948661	14	
EVVSYK	0.134687931043	14	
KTPHNK	0.304582600725	14	
RKVNHR	0.463601806338	16	
TSLPHKK	0.706713381805	16	
EGPHIKK	0.73094104702	16	
HANKVKR	0.706710131855	21	
RKAATMR	0.223248816472	21	
SKKGKMR	0.415524328241	21	
CLKALFR	0.517287208084	21	
