Peptide Sequence	Matched ['b1'] Ions	Unmatched ['a1'] Ions	
FFTALK	2	0	2	[(149.12030029296875, 'b2+'), (295.7535705566406, 'b3+')]	[(267.7921142578125, 'a3+')]	
FFVSVK	3	0	2	[(149.12030029296875, 'b2+'), (295.7535705566406, 'b3+'), (479.97381591796875, 'b5+')]	[(267.7921142578125, 'a3+')]	
MFVGKK	2	0	2	[(149.12030029296875, 'b2+'), (295.7535705566406, 'b3+')]	[(267.7921142578125, 'a3+')]	
SHTLLR	2	0	2	[(224.38018798828125, 'b3+'), (327.0014953613281, 'b4+')]	[]	
TKTTSRR	2	0	5	[(231.34744262695312, 'b3+'), (330.750244140625, 'b4+')]	[(403.8974914550781, 'a5+')]	
KTTSTALK	3	0	5	[(231.34744262695312, 'b3+'), (330.750244140625, 'b4+'), (417.2209777832031, 'b5+')]	[(390.3437194824219, 'a5+')]	
LFAAKSGR	2	0	5	[(330.750244140625, 'b4+'), (401.78985595703125, 'b5+')]	[(374.0951232910156, 'a5+')]	
SGHVAKK	1	0	14	[(282.7318115234375, 'b4+')]	[]	
EVVSYK	2	0	14	[(327.83392333984375, 'b4+'), (415.7542419433594, 'b5+')]	[]	
KTPHNK	1	0	14	[(327.83392333984375, 'b4+')]	[(297.96380615234375, 'a4+')]	
RKVNHR	2	0	16	[(385.3851623535156, 'b4+'), (499.32305908203125, 'b5+')]	[(356.5545654296875, 'a4+'), (471.35516357421875, 'a5+')]	
TSLPHKK	4	0	16	[(188.17796325683594, 'b3+'), (303.26580810546875, 'b4+'), (399.308349609375, 'b5+'), (535.2243041992188, 'b6+')]	[(369.9137268066406, 'a5+')]	
EGPHIKK	2	0	16	[(188.17796325683594, 'b3+'), (535.2243041992188, 'b6+')]	[(394.099609375, 'a5+')]	
HANKVKR	2	0	21	[(323.2533264160156, 'b4+'), (549.177978515625, 'b6+')]	[]	
RKAATMR	3	0	21	[(354.95367431640625, 'b4+'), (426.0828552246094, 'b5+'), (529.6578979492188, 'b6+')]	[(398.0435485839844, 'a5+')]	
SKKGKMR	3	0	21	[(345.7264404296875, 'b4+'), (402.4783020019531, 'b5+'), (529.6578979492188, 'b6+')]	[]	
CLKALFR	3	0	21	[(345.7264404296875, 'b4+'), (417.4732666015625, 'b5+'), (529.6578979492188, 'b6+')]	[]	
